{"cameraMode":{"drawMode":0,"name":"Shaded","section":"Shading Mode"},"sceneLighting":false,"audioPlay":false,"sceneViewState":{"m_AlwaysRefresh":false,"showFog":true,"showSkybox":false,"showFlares":true,"showImageEffects":true,"showParticleSystems":true,"showVisualEffectGraphs":true,"m_FxEnabled":true},"in2DMode":false,"pivot":{"x":15.682432174682618,"y":3.7582578659057619,"z":19.257715225219728},"rotation":{"x":0.7976430654525757,"y":-0.0018093578983098269,"z":0.002392856404185295,"w":0.6031050682067871},"size":15.265433311462403,"orthographic":true}