{"cameraMode":{"drawMode":0,"name":"Shaded","section":"Shading Mode"},"sceneLighting":true,"audioPlay":false,"sceneViewState":{"m_AlwaysRefresh":false,"showFog":true,"showSkybox":true,"showFlares":true,"showImageEffects":true,"showParticleSystems":true,"showVisualEffectGraphs":true,"m_FxEnabled":true},"in2DMode":false,"pivot":{"x":4.0197529792785648,"y":3.8427305221557619,"z":9.076786041259766},"rotation":{"x":0.7879542708396912,"y":-0.0018470946233719588,"z":0.002363920211791992,"w":0.6157084107398987},"size":16.886966705322267,"orthographic":true}