{"cameraMode":{"drawMode":0,"name":"Shaded","section":"Shading Mode"},"sceneLighting":false,"audioPlay":false,"sceneViewState":{"m_AlwaysRefresh":false,"showFog":true,"showSkybox":false,"showFlares":true,"showImageEffects":true,"showParticleSystems":true,"showVisualEffectGraphs":true,"m_FxEnabled":true},"in2DMode":false,"pivot":{"x":-12.517714500427246,"y":10.648819923400879,"z":19.701759338378908},"rotation":{"x":0.5586642026901245,"y":0.16520188748836518,"z":-0.11470172554254532,"w":0.8046301007270813},"size":2.307828903198242,"orthographic":false}