{"cameraMode":{"drawMode":0,"name":"Shaded","section":"Shading Mode"},"sceneLighting":false,"audioPlay":false,"sceneViewState":{"m_AlwaysRefresh":false,"showFog":true,"showSkybox":false,"showFlares":true,"showImageEffects":true,"showParticleSystems":true,"showVisualEffectGraphs":true,"m_FxEnabled":true},"in2DMode":false,"pivot":{"x":-0.7200000286102295,"y":0.25999999046325686,"z":5.360000133514404},"rotation":{"x":0.7155351638793945,"y":-0.0010478297481313348,"z":0.001073325052857399,"w":0.6985645294189453},"size":0.36583784222602847,"orthographic":false}